VBDA,1
EXAO,1
OAWK,1
HCOY,1
UAEH,1
WEFY,1
YOUA,2
SAKH,1
LRAG,1
MYLK,1
ESXZ,13
KBED,1
FEZR,1
HVVB,1
OAXD,1
OAXA,1
ONOT,1
PDYH,1
BSAH,2
XPYO,1
KYQN,1
OHCW,1
SXXA,1
HXXP,1
PDYM,1
EOOT,1
VBCO,3
EOOU,1
DNPW,1
VBCR,3
EOOY,2
LIOH,1
VBCH,3
PICB,1
YMPS,1
YMPR,1
KQDA,1
LTGA,1
CTAL,1
VBFH,1
GZAU,1
COXD,3
WKUA,1
FHAH,1
EORQ,1
COXA,1
OYHM,1
KDKA,1
WKUE,1
OAYO,2
QLHX,4
NOXA,1
XYNE,1
WCET,1
NOXG,1
OLOD,1
EOSB,1
HANP,1
OLOP,1
WAAL,1
WCEO,1
COWK,1
UENE,1
OAXL,1
BSCO,1
KBET,1
OHEN,1
AGOB,1
UAEY,1
SGXE,1
OAYC,1
DAZA,1
CKRI,1
FHCH,1
YMUA,1
MHOA,1
EMPR,1
BSDE,1
VBHA,1
VBHC,1
NEEY,1
EOUA,1
DLRA,1
VBHL,1
SEXE,1
YKQR,1
QHAQ,3
OLOX,1
YOXO,1
VBGH,1
EOSQ,1
HCSB,1
KOAL,1
KDLA,1
KHTE,1
RKDT,1
KQER,1
OHHC,1
MYOT,1
YGHV,1
SANP,1
HAOQ,1
AREV,1
VBGR,1
LTKH,1
CMXE,3
ONWC,1
OLSG,1
EOWE,2
EOWH,1
KBKR,1
DSAO,1
YCCO,2
RSXP,1
OYKH,2
GOON,1
YOZR,1
RQSB,1
KHVB,2
KOCO,1
ARHB,1
DLSA,2
SAPR,1
EOVB,1
RQSD,1
AZXE,3
KDNO,1
QLLK,1
ODDS,2
OYNE,1
YCEH,1
WEON,1
WPDY,2
HLIN,1
WGSD,1
FHGR,2
LAHA,1
WPDQ,1
WCKE,1
STYO,1
WPEH,1
AGSX,1
UEVB,1
UAMY,2
VBKH,1
YMXE,3
OSAL,1
PZLW,1
HCWO,1
CRDA,1
RQUH,1
QYGO,1
UALQ,2
ONXL,1
OSAO,2
QLNP,1
QAYH,1
OHLQ,1
UALY,1
HASX,2
LTOG,1
WGUS,1
UEWS,1
NPAG,1
UAOK,1
DLXE,1
AXWH,2
RIHA,3
VBOA,4
HYEN,1
EIOH,1
CKWP,2
WPET,1
LAHS,2
KOGH,1
EIMO,1
XDKM,1
VBMA,4
SHAX,2
AGWE,1
RQWC,1
SRVB,1
UAOB,1
XDKP,2
YGNP,1
ETCO,1
UEYO,1
XDNM,1
HAXD,1
XDNP,1
RKMU,1
NPCP,1
YGRA,8
SRYK,1
SHEO,3
ODIS,2
YVOG,1
OYSD,1
NENR,4
ULES,3
OSEH,1
PZPL,1
MOCH,1
ARNW,1
WCNP,1
HAWK,1
WPGR,1
VBOH,1
SYEH,1
ULEW,1
OHPN,1
HAWP,2
RQYM,1
PKSH,1
GOVG,1
UAQD,1
PKSR,1
HLOL,1
CAHI,1
ALCW,1
UASL,1
ALCT,1
SAYO,1
VBRQ,1
NZYN,1
NZYO,1
UASH,1
ETHA,2
CPEO,1
ODKB,1
NPEP,1
OQDQ,1
WGYM,1
KOLW,2
BSNP,1
UASQ,2
NPEM,2
WGYO,1
ULHY,1
NPEN,1
LANL,1
UASY,1
WCRC,1
UASX,2
MOGA,2
ERDO,1
ODKS,1
ULIN,1
ISYO,1
SHES,1
ACSL,1
HLNP,2
QYMO,1
NEOA,1
QNXC,1
SHFH,1
ERCI,1
QDDA,1
LROC,1
EIRH,1
UASB,2
ULHL,1
VSVB,4
OUNI,1
CRKO,1
VBUA,2
NPGY,1
WEXE,2
NPHC,2
SDAL,1
ODKV,1
LNHM,1
LAOA,1
SHGS,1
YNAO,1
XDQH,3
QHNE,1
PGOA,1
OHTE,1
EXQR,1
SHHC,1
PRDT,2
RCAO,1
LAOR,1
NXWG,1
OHWC,1
ALGZ,1
SDBS,4
NLAQ,1
SLSD,3
SDBY,1
BSRQ,1
VOPR,1
SHKH,1
QLYO,1
ANKE,1
SHKO,1
SDCK,1
OHVB,1
HNVS,1
YNCO,1
ACWK,1
RCCA,1
KOOT,2
ACWH,1
WCUA,1
SDBC,1
WCUF,1
NPHX,2
KSXE,3
BSSH,3
ALHD,1
DSLW,2
EPCS,1
RIOR,1
TEAH,1
HYOD,1
KBYF,1
ACXL,1
ALIS,1
YGYO,1
ULOA,1
ETNP,1
VBYG,1
ETNR,1
OSOA,2
ODQO,1
LPRI,1
OQKE,1
WTYO,2
VBYA,1
BQPD,1
VBYC,1
CROA,1
HUEY,5
SDCW,2
KBXA,1
SDCS,2
ODPI,1
UAXY,1
UAXU,1
SHLK,1
GVKO,2
RKUL,2
NLBV,1
NPKE,1
LASX,1
VXBQ,1
GRCS,1
WLHG,1
NROC,2
ULNP,1
ARXE,1
OBOA,2
CRRA,1
LAVB,1
ALKZ,1
RACW,2
ODSA,2
SHOH,1
RCHA,2
ALKS,2
SHOC,1
WCZG,1
OUUL,1
GZWC,1
ODRA,1
UAZR,1
GACK,1
NEWG,1
ERKC,1
RABS,3
VBYM,3
VBYO,2
SHNO,1
DOHM,2
SHNP,1
YNHN,1
RACS,2
FHUO,1
HBCH,1
FYWC,1
DSSD,1
DSSH,1
GZXL,1
PNES,1
XZEF,13
ULSH,4
AHES,2
UFGA,1
GRHK,1
PLAZ,1
WHEO,2
WHER,1
QDON,1
OKCD,1
WHEH,1
KECH,1
SBEO,1
KEAH,1
WLLA,1
WPTE,1
LNPN,1
GAEO,1
KGEO,1
GAES,1
LYFH,1
OSRC,1
SDHM,1
HWNR,1
SDHK,1
KOVB,1
HWNY,1
PRMH,1
RAES,1
GRGV,1
BKIA,1
PROT,1
PROS,2
WLOG,1
AUAC,2
PNGV,1
CHAQ,1
RAHW,1
APWL,1
ETUA,1
GAIN,1
WPVE,1
EROC,2
REOA,1
KECO,1
NPPZ,1
LAYO,1
QOES,1
HDKB,1
LHGA,1
KVEO,2
WPVO,1
NYBV,2
GAHK,1
NRUL,4
DQSH,2
CRXE,2
NPSX,1
SHUA,2
UHOG,4
GCOD,1
GRLR,1
NYEO,1
CRWP,2
BVAO,1
ERSD,1
WLQR,1
ALSD,1
ULVB,1
YATL,1
TEKE,1
CHDO,1
CWAU,2
NRWO,1
EVZG,1
XOSR,1
EYAO,1
GALW,1
DXBS,1
NPVB,1
OBWL,1
AHKV,1
CHEO,1
HMAL,1
EPPW,1
OSYG,8
ZQSH,1
SHVB,3
BKOY,1
KMXE,1
ENKP,1
RCOT,1
LWHM,1
SYXE,1
DOPZ,1
EYAH,1
GALN,1
HSOD,1
ALVB,1
ENNP,1
HUST,1
ERVX,1
HSOT,1
LWKP,2
SBMO,1
CWDS,1
ANYM,1
KCEO,1
DSZN,1
ZOQE,1
GAMY,1
NWDG,1
NPWC,1
SDPK,2
VXNO,1
AUHG,2
HDQD,1
AUHC,1
RTSE,1
BCAM,2
HSNU,1
UFNP,1
EYES,1
YNUL,1
QONP,1
SBOA,1
TERA,1
AQAG,1
PRXD,1
PWAN,1
HMES,1
AHOT,1
PRXL,1
LQAP,1
RAQA,1
VGOH,1
LWLA,3
GAOY,1
SDRA,1
XEEF,28
PRWC,1
DKLT,1
AHPW,1
NPYL,1
BCCO,1
NPYN,2
PRWK,1
RAOS,1
GAPS,1
KPAZ,1
GAPR,1
XEEO,1
EFBA,1
KENW,1
YLSH,1
DXHW,1
CHLA,1
XEHI,1
VENY,1
DOXA,1
EYHK,1
KPDX,1
CWHX,1
LWPD,1
CYLW,1
DTAO,1
DEDA,1
WSER,1
HWZL,1
KEMY,1
XGKH,1
AHSD,1
EHEI,1
AULN,1
LWNM,1
KZWP,1
NYLI,2
EFAL,1
BVKH,1
VTKE,1
RTWL,1
INEP,2
RTWG,1
PWBK,1
LQBS,1
EFAU,1
WLYC,1
EPVB,2
SBPR,1
KENS,1
VTKB,1
OGHS,1
AOAL,2
EHHM,1
IAOA,1
NWKP,1
RHAU,1
OGHY,1
IPLR,1
OKQL,6
CWKD,1
YDET,1
GRWA,1
HSVB,2
AHST,1
KPGA,1
HQRH,1
DOZN,1
AHUL,1
EPWL,1
RASD,2
AHUG,1
SDVS,3
SDVT,1
SOKY,1
KPEO,2
OGGW,1
PLNZ,1
YHLA,1
GHAQ,1
EFCY,1
EUAO,1
EFFE,1
CSER,1
GYEX,1
OTDA,2
OTDL,1
SQSA,1
CSEH,2
YHOD,2
CWMH,1
KVUA,2
OEGA,1
OGKO,2
EFGC,1
ENUL,1
AQHU,5
NHOA,1
CHQA,1
AODK,1
EFEO,2
XEKD,1
OTCH,1
EFET,1
OTCR,1
KERH,1
SQRI,2
OTCO,1
DGKR,1
NHOH,1
CHPR,1
TEXE,2
AOCY,1
XACO,3
CDHI,1
HMKD,1
GHDA,1
UFYO,1
OXNI,1
AOES,1
FECH,1
EFHK,1
AMAO,1
EFHL,1
YFML,1
HGAO,1
XPCO,1
AOEF,1
CBER,1
USSH,1
PDDL,1
SBXA,2
XAED,1
NHPW,1
XAEI,1
OGKV,1
PWHM,1
CHSD,1
KGXE,1
HKHQ,1
DAAO,1
ORAQ,1
OTES,1
ESAM,1
ZRCS,2
FEEH,1
LWWS,1
XEPR,1
PSCM,2
COAL,1
CHTE,1
PLVB,2
ZGNE,1
OACH,1
EFKA,1
NUMY,1
OACO,1
SBZG,1
OGOU,1
NOAX,2
OKWT,1
HMPG,1
AOHX,1
NWPL,1
CHUH,2
OTGO,1
CHUF,1
FEDX,1
OGNH,1
DACK,1
OABK,1
COAU,2
PLXA,1
COCS,1
INPL,1
XCNO,1
BAKG,1
EHPW,1
CYWS,2
AOIN,1
COCH,1
OAEH,1
KEYO,1
AUUL,1
PSEU,1
EYRT,1
XESD,2
NHVT,1
EHOL,1
WHZR,1
EFKO,2
OACR,2
YOAZ,1
QEES,1
INOT,1
SQXE,1
YOAR,1
HKLW,1
HMQA,3
DAES,1
SXES,1
CODA,1
EFLA,1
DAEP,1
HMQE,1
OCHM,3
KAPW,2
OADL,1
UBWP,1
PWOL,1
NMAH,1
EHRQ,1
EFNP,1
PWOI,1
QRBC,3
COER,1
DGSD,1
IAYO,1
OGSD,1
AOKP,1
ZAFE,1
XEUA,3
COEF,1
KRUE,2
AOKG,1
EFOC,2
AOKH,1
HKPD,1
OAGH,1
EDKD,1
EFOK,6
OAGO,1
EFOL,1
LKDA,1
BVVB,1
EHQR,3
EHQY,1
XAKE,2
EWOH,1
EYSL,1
HKNY,2
LQOA,1
HMSB,2
PWOD,1
BVYD,1
CWXA,1
OTNO,1
CDRK,2
OPFH,1
DTOG,1
KAUH,1
ZNAM,1
MAOD,1
OIYM,1
DXWP,1
CWWS,1
MAON,1
OTOA,1
QRDX,1
GHOG,1
KPSH,2
OTOH,1
EFON,1
EYUA,1
OAGZ,1
EHSQ,1
EFOQ,1
YOEY,1
EDKQ,2
PWPL,1
EFOT,1
ESIA,1
COHS,1
HKPW,1
GBAR,1
SXIN,1
MANL,1
EOAH,1
YOFH,1
COHI,1
NHYO,1
EOAO,1
KPRE,1
EFRT,2
OCOB,1
XAPR,1
XAPS,1
QRFE,1
YOHS,1
ZNCR,1
LICO,2
YOHU,1
UOUF,1
SGKB,1
YOHX,3
ESLP,1
AMKL,1
WOOG,1
FENI,1
AOOE,1
YMCW,1
UGDA,1
QREP,1
ORKV,1
KHCR,1
YFWC,1
EFRC,2
ESKP,2
INVB,1
TLQL,1
HIOE,1
RSDS,1
HMWH,1
WKFE,1
SXNO,1
YOKA,1
AXCD,2
OEUA,1
YMGA,1
AOQY,1
OAMH,2
YBQH,1
EURK,1
OGYO,1
EYZQ,1
EFUA,4
EFUB,1
HXOS,8
HGNE,1
SXOD,1
DNGZ,1
NZAO,1
WSXE,5
AOSD,1
UGEX,1
KHEO,4
CKDS,1
KHER,1
SRAN,1
EOEI,1
EMAH,1
MARQ,1
AORS,1
LQUG,1
YMFE,1
EOEU,1
PWUG,1
CSTE,1
WOSD,1
OLDN,2
SRDG,1
HACO,1
RQET,1
ONHW,1
EOHI,1
HACW,1
WGBV,1
EOHK,1
EFWC,1
EOHL,1
KPYG,1
OCSO,1
HCHA,2
BCYB,1
HADA,1
AMOL,3
BYCS,1
OTSR,1
AQYH,1
KLOR,1
ZGYM,1
ZGYO,1
EFVB,1
OANR,1
ESOT,1
HGOD,1
DLDS,1
OANO,1
CONI,1
EHZO,1
RHSY,1
QAHV,1
YOLH,1
DAOS,4
ONHD,1
OANW,1
NICM,1
DAQR,1
CSXE,6
MHDO,3
NOON,1
ZRRF,1
YOOH,1
ZLES,1
EUVS,1
EFYF,1
SXSD,1
GODL,1
XLLT,1
XLLW,1
OAQR,1
STKH,1
AQYM,1
LKNH,3
XLLK,1
AQYN,1
COOD,1
GSKB,1
MHCO,1
EQMH,1
QERK,1
EFXD,1
MYED,1
OAPR,1
YONP,1
SXRC,1
NOOD,1
HVNP,2
ISEQ,1
RFQO,1
MLLI,1
ISEU,1
XAVB,5
MYES,1
CORA,1
HAGR,1
DTYO,1
UAAC,1
QRNZ,1
HIXA,3
WKOA,2
SAGA,1
NMNE,1
OCWS,1
OCXA,2
MYHV,1
OTYO,1
KDEH,1
GWWE,1
OHAC,1
DYAQ,2
EOKH,2
YOOY,1
OTXA,1
KHLA,1
OYAM,1
CORQ,1
RHWT,1
HIWL,1
EFZR,2
QALT,1
NSYO,1
CIHA,1
ORVX,1
YOSH,4
HXWG,2
XUAO,1
OCYG,1
QAOK,1
XAZR,2
DAUL,2
KHOA,2
VSCK,1
ZRVB,4
YOSD,1
ONNY,1
QAOT,1
EONX,1
WCAR,1
AOYV,1
EONZ,1
YOSR,1
EOOC,1
HCLQ,1
XLOC,1
OLIP,1
COUE,1
OCXD,1
ZRUL,1
YMNH,1
COUA,1
XLOT,1
NOSG,1
NIGA,2
NIGB,1
NXDL,1
UGNX,1
QRPL,1
MUAR,1
YORS,1
